{
    "openapi": "3.0.0",
    "info": {
      "title": "Notification Service",
      "version": "1.0"
    },
    "paths": {
      "/notifications": {
        "post": {
          "tags": ["notifications"],
          "summary": "Create notification",
          "responses": {
            "201": {
              "description": "Notification created"
            }
          }
        }
      },
      "/notifications/{id}": {
        "get": {
          "tags": ["notifications"],
          "summary": "Get notification by ID",
          "responses": {
            "200": {
              "description": "Notification found"
            }
          }
        }
      },
      "/notifications/{id}/read": {
        "patch": {
          "tags": ["notifications"],
          "summary": "Mark as read",
          "responses": {
            "200": {
              "description": "Notification updated"
            }
          }
        }
      }
    }
  }